{
    "1": {
        "name": _("IPTV channels"),
        "alias": "tv-channels",
        "icon": "fa fa-desktop",
        "icon2": "",
        "action": {
            "1": {
                "name": _("Channels"),
                "alias": "iptv-list",
                "icon": ""
            },

            "2": {
                "name": _("Organize channels"),
                "alias": "move-channel",
                "icon": ""
            },
            "3": {
                "name": _("EPG"),
                "alias": "epg",
                "icon": ""
            },
            "4": {
                "name": _("Genres"),
                "alias": "tv-genres",
                "icon": ""
            },
            "5": {
                "name": _("Import from m3u"),
                "alias": "m3u-import",
                "icon": ""
            }
        }
    },
    "2": {
        "name": _("Video club"),
        "alias": "new-video-club",
        "icon": "fa fa-video-camera",
        "icon2": "",
        "action": {
            "1": {
                "name": _("Movie list"),
                "alias": "video-list",
                "icon": ""
            },
            "2": {
                "name": _("Schedule"),
                "alias": "video-schedule",
                "icon": ""
            },
            "3": {
                "name": _("Advertising"),
                "alias": "video-advertise",
                "icon": ""
            },
            "4": {
                "name": _("Moderators"),
                "alias": "video-moderators-addresses",
                "icon": ""
            },
            "5": {
                "name": _("Activity log"),
                "alias": "video-logs",
                "icon": ""
            },
            "6": {
                "name": _("Categories"),
                "alias": "video-categories",
                "icon": ""
            },
            "7": {
                "name": _("Genres"),
                "alias": "video-genres",
                "icon": ""
            },
            "8": {
                "name": _("Watched"),
                "alias": "watched-settings",
                "icon": ""
            }
        }
    },
    "3": {
        "name": _("Audio club"),
        "alias": "audio-club",
        "icon": "fa fa-music",
        "icon2": "",
        "action": {
            "1": {
                "name": _("Albums"),
                "alias": "audio-albums",
                "icon": ""
            },
            "2": {
                "name": _("Artists"),
                "alias": "audio-artists",
                "icon": ""
            },
            "3": {
                "name": _("Genres"),
                "alias": "audio-genres",
                "icon": ""
            },
            "4": {
                "name": _("Languages"),
                "alias": "audio-languages",
                "icon": ""
            },
            "5": {
                "name": _("Years"),
                "alias": "audio-years",
                "icon": ""
            }
        }
    },
    "4": {
        "name": _("Karaoke"),
        "alias": "karaoke",
        "icon": "fa fa-microphone",
        "icon2": "",
        "action": {
        }
    },
    "5": {
        "name": _("Radio"),
        "alias": "radio",
        "icon": "fa fa-bullhorn",
        "icon2": "pull-right ",
        "action": {
        }
    },
    "6": {
        "name": _("Tariffs"),
        "alias": "tariffs",
        "icon": "fa fa-calculator",
        "icon2": "",
        "action": {
            "1": {
                "name": _("Service packages"),
                "alias": "service-packages",
                "icon": ""
            },
            "2": {
                "name": _("Tariff plans"),
                "alias": "tariff-plans",
                "icon": ""
            },
            "3": {
                "name": _("Subscribe log"),
                "alias": "subscribe-log",
                "icon": ""
            }
        }
    },
    "7": {
        "name": _("Users"),
        "alias": "users",
        "icon": "fa  fa-users",
        "icon2": "",
        "action": {
            "1": {
                "name": _("Users list"),
                "alias": "users-list",
                "icon": ""
            },
            "2": {
                "name": _("Filters"),
                "alias": "users-filter-list",
                "icon": ""
            },
            "3": {
                "name": _("User groups"),
                "alias": "users-consoles-groups",
                "icon": ""
            },
            "4": {
                "name": _("Logs"),
                "alias": "users-consoles-logs",
                "icon": ""
            },
            "5": {
                "name": _("Report"),
                "alias": "users-consoles-report",
                "icon": ""
            },
            "6": {
                "name": _("Support info"),
                "alias": "support-info",
                "icon": ""
            }
        }
    },
	"8": {
        "name": _("License keys"),
        "new": true,
        "alias": "license-keys",
        "icon": "fa fa-key",
        "icon2": "",
        "action": {
            "1": {
                  "name": _("About License keys"),
                  "alias": "about-license-keys",
                  "icon": ""
            },
            "2": {
                "name": _("License keys"),
                "alias": "license-keys-list",
                "icon": ""
            }
        }
    },
    "9": {
        "name": _("Applications"),
        "alias": "application-catalog",
        "icon": "fa fa-rocket",
        "icon2": "",
        "action": {
            "1": {
                "name": _("Classic apps"),
                "alias": "application-list",
                "icon": ""
            },
            "2": {
                "name": _("Smart Launcher apps"),
                "alias": "smart-application-list",
                "icon": ""
            }
        }
    },
    "10": {
        "name": _("Events"),
        "alias": "events",
        "icon": "fa fa-calendar",
        "icon2": "",
        "action": {
            "1": {
                "name": _("Users events"),
                "alias": "events",
                "icon": ""
            },
            "2": {
                "name": _("Schedule"),
                "alias": "event-scheduler",
                "icon": ""
            },
            "3": {
                "name": _("Templates of messages"),
                "alias": "message-templates",
                "icon": ""
            }
        }
    },
    "11": {
        "name": _("Administrators"),
        "alias": "admins",
        "icon": "fa fa-user-secret",
        "icon2": "",
        "action": {
            "1": {
                "name": _("Administrators list"),
                "alias": "admins-list",
                "icon": ""
            },
            "2": {
                "name": _("Groups"),
                "alias": "admins-groups",
                "icon": ""
            },
            "3": {
                "name": _("Resellers"),
                "alias": "resellers-list",
                "icon": ""
            }
        }
    },
    "12": {
        "name": _("Tasks"),
        "alias": "tasks",
        "icon": "fa fa-check",
        "icon2": "",
        "action": {
            "1": {
                "name": _("Tasks list"),
                "alias": "tasks-list",
                "icon": ""
            },
            "2": {
                "name": _("Report"),
                "alias": "tasks-report",
                "icon": ""
            }
        }
    },
    "13": {
        "name": _("Information portal"),
        "alias": "infoportal",
        "icon": "fa fa-info",
        "icon2": "",
        "action": {
            "1": {
                "name": _("Phone book"),
                "alias": "phone-book",
                "icon": ""
            },
            "2": {
                "name": _("Humor"),
                "alias": "humor",
                "icon": ""
            }
        }
    },
    "14": {
        "name": _("Statistics"),
        "alias": "statistics",
        "icon": "fa fa-pie-chart",
        "icon2": "",
        "action": {
            "1": {
                "name": _("Movie statistics"),
                "alias": "stat-video",
                "icon": ""
            },
            "2": {
                "name": _("TV statistics"),
                "alias": "stat-tv",
                "icon": ""
            },
            "3": {
                "name": _("TV archive statistics"),
                "alias": "stat-tv-archive",
                "icon": ""
            },
            "4": {
                "name": _("TimeShift statistics"),
                "alias": "stat-timeshift",
                "icon": ""
            },
            "5": {
                "name": _("Moderators statistics"),
                "alias": "stat-moderators",
                "icon": ""
            },
            "6": {
                "name": _("Subscribers statistic"),
                "alias": "stat-abonents",
                "icon": ""
            },
            "7": {
                "name": _("Inactive subscribers"),
                "alias": "stat-abonents-unactive",
                "icon": ""
            },
            "8": {
                "name": _("Users devices statistic"),
                "alias": "stat-users-devices",
                "icon": ""
            },
            "9": {
                "name": _("Complaints statistics"),
                "alias": "stat-claims",
                "icon": ""
            }
        }
    },
    "15": {
        "name": _("Storage"),
        "alias": "storages",
        "icon": "fa fa-archive",
        "icon2": "",
        "action": {
            "1": {
                "name": _("Storage list"),
                "alias": "storages-list",
                "icon": ""
            },
            "2": {
                "name": _("Video search"),
                "alias": "storages-video-search",
                "icon": ""
            },
            "3": {
                "name": _("Logs"),
                "alias": "storages-logs",
                "icon": ""
            }
        }
    },
    "16": {
        "name": _("Streaming servers"),
        "alias": "broadcast-servers",
        "icon": "fa fa-server",
        "icon2": "",
        "action": {
            "1": {
                "name": _("Servers list"),
                "alias": "broadcast-servers-list",
                "icon": ""
            },
            "2": {
                "name": _("Streaming areas"),
                "alias": "broadcast-zone-list",
                "icon": ""
            }
        }
    },
    "17": {
        "name": _("Settings"),
        "alias": "settings",
        "icon": "fa fa-cogs",
        "icon2": "",
        "action": {
            "1": {
                "name": _("Appearance"),
                "alias": "themes",
                "icon": ""
            },
            "2": {
                "name": _("Firmware update"),
                "alias": "common",
                "icon": ""
            }
        }
    },
    "18": {
        "name": _("Advertising"),
        "alias": "external-advertising",
        "icon": "fa fa-dollar",
        "icon2": "",
        "action": {
            "1": {
                "name": _("List of campaigns"),
                "alias": "company-list",
                "icon": ""
            },
            "2": {
                "name": _("Source ID"),
                "alias": "settings",
                "icon": ""
            }
        }
    }
}
